year,month,day
1970,5,12
1971,5,2
1972,5,20
1973,5,10
1974,4,29
1975,5,18
1976,5,6
1977,5,25
1978,5,14
1979,5,3
1980,5,21
1981,5,11
1982,5,1
1983,5,20
1984,5,8
1985,5,27
1986,5,16
1987,5,5
1988,5,23
1989,5,12
1990,5,2
1991,5,21
1992,5,10
1993,5,28
1994,5,18
1995,5,7
1996,5,24
1997,5,14
1998,5,3
1999,5,22
2000,5,11
2001,4,30
2002,5,19
2003,5,8
2004,5,26
2005,5,15
2006,5,5
2007,5,24
2008,5,12
2009,5,2
2010,5,21
2011,5,10
2012,4,28
2013,5,17
2014,5,6
2015,5,25
2016,5,14
2017,5,3
2018,5,22
2019,5,12
2020,4,30
2021,5,19
2022,5,8
2023,5,26
2024,5,15
2025,5,5
2026,5,24
2027,5,13
2028,5,2
2029,5,20
2030,5,9
2031,5,28
2032,5,16
2033,5,6
2034,5,25
2035,5,15
2036,5,3
2037,5,22
2038,5,11
2039,4,30
2040,5,18
2041,5,7
2042,5,26
2043,5,16
2044,5,5
2045,5,24
2046,5,13
2047,5,2
2048,5,20
2049,5,9
2050,5,28
2051,5,17
2052,5,6
2053,5,25
2054,5,15
2055,5,4
2056,5,22
2057,5,11
2058,4,30
2059,5,19
2060,5,7
2061,5,26
2062,5,16
2063,5,5
2064,5,23
2065,5,12
2066,5,1
2067,5,20
2068,5,9
2069,4,28
2070,5,17
2071,5,7
2072,5,25
2073,5,14
2074,5,3
2075,5,22
2076,5,10
2077,4,30
2078,5,19
2079,5,8
2080,5,26
2081,5,16
2082,5,5
2083,5,24
2084,5,12
2085,5,1
2086,5,20
2087,5,10
2088,4,28
2089,5,17
2090,5,7
2091,5,25
2092,5,13
2093,5,3
2094,5,21
2095,5,11
2096,4,30
2097,5,19
2098,5,8
2099,5,27
2100,5,16
2101,5,5
2102,5,24
2103,5,13
2104,5,2
2105,5,21
2106,5,11
2107,4,30
2108,5,18
2109,5,7
2110,5,26
2111,5,15
2112,5,3
2113,5,22
2114,5,12
2115,5,2
2116,5,19
2117,5,9
2118,5,27
2119,5,17
2120,5,5
2121,5,24
2122,5,13
2123,5,3
2124,5,21
2125,5,10
2126,4,30
2127,5,18
2128,5,6
2129,5,25
2130,5,15
2131,5,4
2132,5,22
2133,5,12
2134,5,1
2135,5,20
2136,5,8
2137,5,27
2138,5,16
2139,5,6
2140,5,24
2141,5,13
2142,5,3
2143,5,22
2144,5,10
2145,4,29
2146,5,18
2147,5,7
2148,5,25
2149,5,15
2150,5,4
